No.,Time,Source,Destination,Protocol,Length,Info,,,,,,,,,,,,Time 1,Time 2,,Delay,,Delay 1,Delay 2,,Jitter
1,0,140.82.113.26,192.168.1.9,TCP,56,443  >  61861 [ACK] Seq=1 Ack=1 Win=17664 Len=0,,,,,,,,,,,,0.000073,0,,0.000073,,0.369506,0.000073,,0.369433
2,0.000073,192.168.1.9,140.82.113.26,TCP,54,[TCP ACKed unseen segment] 61861  >  443 [ACK] Seq=3571403833 Ack=743996360 Win=510 Len=0,,,,,,,,,,,,0.369579,0.000073,,0.369506,,0.006234,0.369506,,-0.363272
3,0.369579,192.168.1.9,93.184.216.34,TCP,66,61911  >  80 [SYN] Seq=0 Win=64240 Len=0 MSS=1460 WS=256 SACK_PERM=1,,,,,,,,,,,,0.375813,0.369579,,0.006234,,0.000164,0.006234,,-0.00607
4,0.375813,93.184.216.34,192.168.1.9,TCP,62,"80  >  61911 [SYN, ACK] Seq=0 Ack=1 Win=4356 Len=0 MSS=1452 SACK_PERM=1",,,,,,,,,,,,0.375977,0.375813,,0.000164,,0.000503,0.000164,,0.000339
5,0.375977,192.168.1.9,93.184.216.34,TCP,54,61911  >  80 [ACK] Seq=1 Ack=1 Win=64240 Len=0,,,,,,,,,,,,0.37648,0.375977,,0.000503,,0.011184,0.000503,,0.010681
6,0.37648,192.168.1.9,93.184.216.34,TCP,54,"61911  >  80 [FIN, ACK] Seq=1 Ack=1 Win=64240 Len=0",,,,,,,,,,,,0.387664,0.37648,,0.011184,,0,0.011184,,-0.011184
7,0.387664,93.184.216.34,192.168.1.9,TCP,54,"80  >  61911 [RST, ACK] Seq=1 Ack=2 Win=0 Len=0",,,,,,,,,,,,0.387664,0.387664,,0,,3.520572,0,,3.520572
8,0.387664,93.184.216.34,192.168.1.9,TCP,58,80  >  61911 [ACK] Seq=1 Ack=1 Win=4320 Len=0,,,,,,,,,,,,3.908236,0.387664,,3.520572,,0.014185,3.520572,,-3.506387
9,3.908236,192.168.1.9,93.184.216.34,TCP,66,61912  >  80 [SYN] Seq=0 Win=64240 Len=0 MSS=1460 WS=256 SACK_PERM=1,,,,,,,,,,,,3.922421,3.908236,,0.014185,,0.000189,0.014185,,-0.013996
10,3.922421,93.184.216.34,192.168.1.9,TCP,62,"80  >  61912 [SYN, ACK] Seq=0 Ack=1 Win=4356 Len=0 MSS=1452 SACK_PERM=1",,,,,,,,,,,,3.92261,3.922421,,0.000189,,0.000411,0.000189,,0.000222
11,3.92261,192.168.1.9,93.184.216.34,TCP,54,61912  >  80 [ACK] Seq=1 Ack=1 Win=64240 Len=0,,,,,,,,,,,,3.923021,3.92261,,0.000411,,0.005929,0.000411,,0.005518
12,3.923021,192.168.1.9,93.184.216.34,TCP,54,"61912  >  80 [FIN, ACK] Seq=1 Ack=1 Win=64240 Len=0",,,,,,,,,,,,3.92895,3.923021,,0.005929,,0.49199,0.005929,,0.486061
13,3.92895,93.184.216.34,192.168.1.9,TCP,54,"80  >  61912 [RST, ACK] Seq=1 Ack=2 Win=0 Len=0",,,,,,,,,,,,4.42094,3.92895,,0.49199,,0.032221,0.49199,,-0.459769
14,4.42094,192.168.1.9,74.125.200.188,TCP,55,61741  >  5228 [ACK] Seq=1 Ack=1 Win=509 Len=1,,,,,,,,,,,,4.453161,4.42094,,0.032221,,0.151962,0.032221,,0.119741
15,4.453161,74.125.200.188,192.168.1.9,TCP,66,5228  >  61741 [ACK] Seq=1 Ack=2 Win=265 Len=0 SLE=1 SRE=2,,,,,,,,,,,,4.605123,4.453161,,0.151962,,0.001054,0.151962,,-0.150908
16,4.605123,192.168.1.9,74.125.68.95,UDP,1392,60685  >  443 Len=1350,,,,,,,,,,,,4.606177,4.605123,,0.001054,,0.005278,0.001054,,0.004224
17,4.606177,192.168.1.9,74.125.68.95,TCP,66,61913  >  443 [SYN] Seq=0 Win=64240 Len=0 MSS=1460 WS=256 SACK_PERM=1,,,,,,,,,,,,4.611455,4.606177,,0.005278,,0.000804,0.005278,,-0.004474
18,4.611455,192.168.1.9,192.168.1.255,NBNS,92,Name query NB WPAD<00>,,,,,,,,,,,,4.612259,4.611455,,0.000804,,0.000486,0.000804,,-0.000318
19,4.612259,192.168.1.9,224.0.0.251,MDNS,70,"Standard query 0x0000 A wpad.local, ""QM"" question",,,,,,,,,,,,4.612745,4.612259,,0.000486,,0.001076,0.000486,,0.00059
20,4.612745,fe80::cca4:ec3:2d0d:85de,ff02::fb,MDNS,90,"Standard query 0x0000 A wpad.local, ""QM"" question",,,,,,,,,,,,4.613821,4.612745,,0.001076,,0.000327,0.001076,,-0.000749
21,4.613821,fe80::cca4:ec3:2d0d:85de,ff02::1:3,LLMNR,84,Standard query 0xd671 A wpad,,,,,,,,,,,,4.614148,4.613821,,0.000327,,0.027264,0.000327,,0.026937
22,4.614148,192.168.1.9,224.0.0.252,LLMNR,64,Standard query 0xd671 A wpad,,,,,,,,,,,,4.641412,4.614148,,0.027264,,0,0.027264,,-0.027264
23,4.641412,74.125.68.95,192.168.1.9,UDP,1392,443  >  60685 Len=1350,,,,,,,,,,,,4.641412,4.641412,,0,,0,0,,0
24,4.641412,74.125.68.95,192.168.1.9,UDP,1392,443  >  60685 Len=1350,,,,,,,,,,,,4.641412,4.641412,,0,,0.000265,0,,0.000265
25,4.641412,74.125.68.95,192.168.1.9,TCP,66,"443  >  61913 [SYN, ACK] Seq=0 Ack=1 Win=65535 Len=0 MSS=1430 SACK_PERM=1 WS=256",,,,,,,,,,,,4.641677,4.641412,,0.000265,,0.000967,0.000265,,0.000702
26,4.641677,192.168.1.9,74.125.68.95,TCP,54,61913  >  443 [ACK] Seq=1 Ack=1 Win=131328 Len=0,,,,,,,,,,,,4.642644,4.641677,,0.000967,,0.003123,0.000967,,0.002156
27,4.642644,192.168.1.9,74.125.68.95,TLSv1.3,647,Client Hello,,,,,,,,,,,,4.645767,4.642644,,0.003123,,0.014284,0.003123,,0.011161
28,4.645767,192.168.1.9,74.125.68.95,UDP,84,60685  >  443 Len=42,,,,,,,,,,,,4.660051,4.645767,,0.014284,,0.000823,0.014284,,-0.013461
29,4.660051,192.168.1.9,74.125.68.95,UDP,1392,60685  >  443 Len=1350,,,,,,,,,,,,4.660874,4.660051,,0.000823,,0.015302,0.000823,,0.014479
30,4.660874,192.168.1.9,74.125.68.95,UDP,1053,60685  >  443 Len=1011,,,,,,,,,,,,4.676176,4.660874,,0.015302,,0.001655,0.015302,,-0.013647
31,4.676176,74.125.68.95,192.168.1.9,TCP,54,443  >  61913 [ACK] Seq=1 Ack=594 Win=66816 Len=0,,,,,,,,,,,,4.677831,4.676176,,0.001655,,0.002989,0.001655,,0.001334
32,4.677831,74.125.68.95,192.168.1.9,TLSv1.3,266,"Server Hello, Change Cipher Spec, Application Data",,,,,,,,,,,,4.68082,4.677831,,0.002989,,0.004999,0.002989,,0.00201
33,4.68082,192.168.1.9,74.125.68.95,TLSv1.3,118,"Change Cipher Spec, Application Data",,,,,,,,,,,,4.685819,4.68082,,0.004999,,0.001107,0.004999,,-0.003892
34,4.685819,74.125.68.95,192.168.1.9,UDP,1392,443  >  60685 Len=1350,,,,,,,,,,,,4.686926,4.685819,,0.001107,,,,,
35,4.686926,192.168.1.9,74.125.68.95,UDP,75,60685  >  443 Len=33,,,,,,,,,,,,,,,,,,,,
36,4.733968,74.125.68.95,192.168.1.9,TLSv1.3,634,"Application Data, Application Data",,,,,,,,,,,,,Total Delay,,4.686926,,,Total Jitter,,0.001034
37,4.733968,74.125.68.95,192.168.1.9,UDP,67,443  >  60685 Len=25,,,,,,,,,,,,,Rata Rata Delay,,0.016739021,,,Rata Rata Jitter,,0.001655
38,4.750529,74.125.68.95,192.168.1.9,UDP,1392,443  >  60685 Len=1350,,,,,,,,,,,,,,,,,,,,
39,4.776897,192.168.1.9,74.125.68.95,TCP,54,61913  >  443 [ACK] Seq=658 Ack=793 Win=130560 Len=0,,,,,,,,,,,,,,,,,,,,
40,4.777417,192.168.1.9,74.125.68.95,UDP,75,60685  >  443 Len=33,,,,,,,,,,,,,,,,,,,,
41,5.028524,fe80::cca4:ec3:2d0d:85de,ff02::1:3,LLMNR,84,Standard query 0xd671 A wpad,,,,,,,,,,,,,,,,,,,,
42,5.028989,192.168.1.9,224.0.0.252,LLMNR,64,Standard query 0xd671 A wpad,,,,,,,,,,,,,,,,,,,,
43,5.363279,192.168.1.9,192.168.1.255,NBNS,92,Name query NB WPAD<00>,,,,,,,,,,,,,,,,,,,,
44,5.385158,192.168.1.9,93.184.216.34,TCP,66,61914  >  80 [SYN] Seq=0 Win=64240 Len=0 MSS=1460 WS=256 SACK_PERM=1,,,,,,,,,,,,,,,,,,,,
45,5.390187,93.184.216.34,192.168.1.9,TCP,62,"80  >  61914 [SYN, ACK] Seq=0 Ack=1 Win=4356 Len=0 MSS=1452 SACK_PERM=1",,,,,,,,,,,,,,,,,,,,
46,5.390344,192.168.1.9,93.184.216.34,TCP,54,61914  >  80 [ACK] Seq=1 Ack=1 Win=64240 Len=0,,,,,,,,,,,,,,,,,,,,
47,5.390802,192.168.1.9,93.184.216.34,TCP,54,"61914  >  80 [FIN, ACK] Seq=1 Ack=1 Win=64240 Len=0",,,,,,,,,,,,,,,,,,,,
48,5.394439,93.184.216.34,192.168.1.9,TCP,54,"80  >  61914 [RST, ACK] Seq=1 Ack=2 Win=0 Len=0",,,,,,,,,,,,,,,,,,,,
49,5.445275,74.125.68.95,192.168.1.9,UDP,1392,443  >  60685 Len=1350,,,,,,,,,,,,,,,,,,,,
50,5.445275,74.125.68.95,192.168.1.9,UDP,1392,443  >  60685 Len=1350,,,,,,,,,,,,,,,,,,,,
51,5.446099,192.168.1.9,74.125.68.95,UDP,75,60685  >  443 Len=33,,,,,,,,,,,,,,,,,,,,
52,5.469119,74.125.68.95,192.168.1.9,UDP,1392,443  >  60685 Len=1350,,,,,,,,,,,,,,,,,,,,
53,5.469119,74.125.68.95,192.168.1.9,UDP,1392,443  >  60685 Len=1350,,,,,,,,,,,,,,,,,,,,
54,5.469731,192.168.1.9,74.125.68.95,UDP,75,60685  >  443 Len=33,,,,,,,,,,,,,,,,,,,,
55,5.56915,74.125.68.95,192.168.1.9,UDP,1392,443  >  60685 Len=1350,,,,,,,,,,,,,,,,,,,,
56,5.56915,74.125.68.95,192.168.1.9,UDP,1392,443  >  60685 Len=1350,,,,,,,,,,,,,,,,,,,,
57,5.569598,192.168.1.9,74.125.68.95,UDP,77,60685  >  443 Len=35,,,,,,,,,,,,,,,,,,,,
58,5.569814,192.168.1.9,74.125.68.95,UDP,79,60685  >  443 Len=37,,,,,,,,,,,,,,,,,,,,
59,5.61643,192.168.1.9,224.0.0.251,MDNS,70,"Standard query 0x0000 A wpad.local, ""QM"" question",,,,,,,,,,,,,,,,,,,,
60,5.616981,fe80::cca4:ec3:2d0d:85de,ff02::fb,MDNS,90,"Standard query 0x0000 A wpad.local, ""QM"" question",,,,,,,,,,,,,,,,,,,,
61,5.682593,74.125.68.95,192.168.1.9,UDP,1392,443  >  60685 Len=1350,,,,,,,,,,,,,,,,,,,,
62,5.682593,74.125.68.95,192.168.1.9,UDP,1392,443  >  60685 Len=1350,,,,,,,,,,,,,,,,,,,,
63,5.682593,74.125.68.95,192.168.1.9,UDP,1392,443  >  60685 Len=1350,,,,,,,,,,,,,,,,,,,,
64,5.682593,74.125.68.95,192.168.1.9,UDP,1392,443  >  60685 Len=1350,,,,,,,,,,,,,,,,,,,,
65,5.682593,74.125.68.95,192.168.1.9,UDP,1392,443  >  60685 Len=1350,,,,,,,,,,,,,,,,,,,,
66,5.682593,74.125.68.95,192.168.1.9,UDP,1392,443  >  60685 Len=1350,,,,,,,,,,,,,,,,,,,,
67,5.682593,74.125.68.95,192.168.1.9,UDP,1392,443  >  60685 Len=1350,,,,,,,,,,,,,,,,,,,,
68,5.682593,74.125.68.95,192.168.1.9,UDP,1392,443  >  60685 Len=1350,,,,,,,,,,,,,,,,,,,,
69,5.682593,74.125.68.95,192.168.1.9,UDP,1392,443  >  60685 Len=1350,,,,,,,,,,,,,,,,,,,,
70,5.682593,74.125.68.95,192.168.1.9,UDP,1392,443  >  60685 Len=1350,,,,,,,,,,,,,,,,,,,,
71,5.682593,74.125.68.95,192.168.1.9,UDP,1392,443  >  60685 Len=1350,,,,,,,,,,,,,,,,,,,,
72,5.682593,74.125.68.95,192.168.1.9,UDP,1392,443  >  60685 Len=1350,,,,,,,,,,,,,,,,,,,,
73,5.682593,74.125.68.95,192.168.1.9,UDP,1392,443  >  60685 Len=1350,,,,,,,,,,,,,,,,,,,,
74,5.682593,74.125.68.95,192.168.1.9,UDP,1392,443  >  60685 Len=1350,,,,,,,,,,,,,,,,,,,,
75,5.682593,74.125.68.95,192.168.1.9,UDP,1392,443  >  60685 Len=1350,,,,,,,,,,,,,,,,,,,,
76,5.682593,74.125.68.95,192.168.1.9,UDP,1392,443  >  60685 Len=1350,,,,,,,,,,,,,,,,,,,,
77,5.683754,192.168.1.9,74.125.68.95,UDP,81,60685  >  443 Len=39,,,,,,,,,,,,,,,,,,,,
78,5.684028,192.168.1.9,74.125.68.95,UDP,81,60685  >  443 Len=39,,,,,,,,,,,,,,,,,,,,
79,5.684209,192.168.1.9,74.125.68.95,UDP,81,60685  >  443 Len=39,,,,,,,,,,,,,,,,,,,,
80,5.684363,192.168.1.9,74.125.68.95,UDP,81,60685  >  443 Len=39,,,,,,,,,,,,,,,,,,,,
81,5.684593,192.168.1.9,74.125.68.95,UDP,81,60685  >  443 Len=39,,,,,,,,,,,,,,,,,,,,
82,5.684794,192.168.1.9,74.125.68.95,UDP,81,60685  >  443 Len=39,,,,,,,,,,,,,,,,,,,,
83,5.684982,192.168.1.9,74.125.68.95,UDP,81,60685  >  443 Len=39,,,,,,,,,,,,,,,,,,,,
84,5.685185,192.168.1.9,74.125.68.95,UDP,81,60685  >  443 Len=39,,,,,,,,,,,,,,,,,,,,
85,5.685412,192.168.1.9,74.125.68.95,UDP,81,60685  >  443 Len=39,,,,,,,,,,,,,,,,,,,,
86,5.685621,192.168.1.9,74.125.68.95,UDP,81,60685  >  443 Len=39,,,,,,,,,,,,,,,,,,,,
87,5.698681,74.125.68.95,192.168.1.9,UDP,1392,443  >  60685 Len=1350,,,,,,,,,,,,,,,,,,,,
88,5.698681,74.125.68.95,192.168.1.9,UDP,1392,443  >  60685 Len=1350,,,,,,,,,,,,,,,,,,,,
89,5.698681,74.125.68.95,192.168.1.9,UDP,1392,443  >  60685 Len=1350,,,,,,,,,,,,,,,,,,,,
90,5.698681,74.125.68.95,192.168.1.9,UDP,1392,443  >  60685 Len=1350,,,,,,,,,,,,,,,,,,,,
91,5.698681,74.125.68.95,192.168.1.9,UDP,1392,443  >  60685 Len=1350,,,,,,,,,,,,,,,,,,,,
92,5.698681,74.125.68.95,192.168.1.9,UDP,1392,443  >  60685 Len=1350,,,,,,,,,,,,,,,,,,,,
93,5.698681,74.125.68.95,192.168.1.9,UDP,1392,443  >  60685 Len=1350,,,,,,,,,,,,,,,,,,,,
94,5.698681,74.125.68.95,192.168.1.9,UDP,1392,443  >  60685 Len=1350,,,,,,,,,,,,,,,,,,,,
95,5.698681,74.125.68.95,192.168.1.9,UDP,1392,443  >  60685 Len=1350,,,,,,,,,,,,,,,,,,,,
96,5.699453,192.168.1.9,74.125.68.95,UDP,81,60685  >  443 Len=39,,,,,,,,,,,,,,,,,,,,
97,5.699724,192.168.1.9,74.125.68.95,UDP,81,60685  >  443 Len=39,,,,,,,,,,,,,,,,,,,,
98,5.699922,192.168.1.9,74.125.68.95,UDP,81,60685  >  443 Len=39,,,,,,,,,,,,,,,,,,,,
99,5.700116,192.168.1.9,74.125.68.95,UDP,94,60685  >  443 Len=52,,,,,,,,,,,,,,,,,,,,
100,5.713863,74.125.68.95,192.168.1.9,UDP,1392,443  >  60685 Len=1350,,,,,,,,,,,,,,,,,,,,
101,5.714447,192.168.1.9,74.125.68.95,UDP,81,60685  >  443 Len=39,,,,,,,,,,,,,,,,,,,,
102,5.823994,74.125.68.95,192.168.1.9,UDP,1392,443  >  60685 Len=1350,,,,,,,,,,,,,,,,,,,,
103,5.823994,74.125.68.95,192.168.1.9,UDP,1392,443  >  60685 Len=1350,,,,,,,,,,,,,,,,,,,,
104,5.823994,74.125.68.95,192.168.1.9,UDP,1392,443  >  60685 Len=1350,,,,,,,,,,,,,,,,,,,,
105,5.823994,74.125.68.95,192.168.1.9,UDP,1392,443  >  60685 Len=1350,,,,,,,,,,,,,,,,,,,,
106,5.823994,74.125.68.95,192.168.1.9,UDP,1392,443  >  60685 Len=1350,,,,,,,,,,,,,,,,,,,,
107,5.823994,74.125.68.95,192.168.1.9,UDP,1392,443  >  60685 Len=1350,,,,,,,,,,,,,,,,,,,,
108,5.823994,74.125.68.95,192.168.1.9,UDP,1392,443  >  60685 Len=1350,,,,,,,,,,,,,,,,,,,,
109,5.823994,74.125.68.95,192.168.1.9,UDP,1392,443  >  60685 Len=1350,,,,,,,,,,,,,,,,,,,,
110,5.823994,74.125.68.95,192.168.1.9,UDP,1392,443  >  60685 Len=1350,,,,,,,,,,,,,,,,,,,,
111,5.823994,74.125.68.95,192.168.1.9,UDP,1392,443  >  60685 Len=1350,,,,,,,,,,,,,,,,,,,,
112,5.823994,74.125.68.95,192.168.1.9,UDP,1392,443  >  60685 Len=1350,,,,,,,,,,,,,,,,,,,,
113,5.823994,74.125.68.95,192.168.1.9,UDP,1392,443  >  60685 Len=1350,,,,,,,,,,,,,,,,,,,,
114,5.823994,74.125.68.95,192.168.1.9,UDP,1392,443  >  60685 Len=1350,,,,,,,,,,,,,,,,,,,,
115,5.823994,74.125.68.95,192.168.1.9,UDP,1392,443  >  60685 Len=1350,,,,,,,,,,,,,,,,,,,,
116,5.823994,74.125.68.95,192.168.1.9,UDP,1392,443  >  60685 Len=1350,,,,,,,,,,,,,,,,,,,,
117,5.823994,74.125.68.95,192.168.1.9,UDP,1392,443  >  60685 Len=1350,,,,,,,,,,,,,,,,,,,,
118,5.824387,74.125.68.95,192.168.1.9,UDP,1392,443  >  60685 Len=1350,,,,,,,,,,,,,,,,,,,,
119,5.824802,192.168.1.9,74.125.68.95,UDP,83,60685  >  443 Len=41,,,,,,,,,,,,,,,,,,,,
120,5.825011,192.168.1.9,74.125.68.95,UDP,83,60685  >  443 Len=41,,,,,,,,,,,,,,,,,,,,
121,5.825172,192.168.1.9,74.125.68.95,UDP,83,60685  >  443 Len=41,,,,,,,,,,,,,,,,,,,,
122,5.825324,192.168.1.9,74.125.68.95,UDP,83,60685  >  443 Len=41,,,,,,,,,,,,,,,,,,,,
123,5.825524,192.168.1.9,74.125.68.95,UDP,83,60685  >  443 Len=41,,,,,,,,,,,,,,,,,,,,
124,5.825701,192.168.1.9,74.125.68.95,UDP,85,60685  >  443 Len=43,,,,,,,,,,,,,,,,,,,,
125,5.825856,192.168.1.9,74.125.68.95,UDP,87,60685  >  443 Len=45,,,,,,,,,,,,,,,,,,,,
126,5.826008,192.168.1.9,74.125.68.95,UDP,89,60685  >  443 Len=47,,,,,,,,,,,,,,,,,,,,
127,5.826171,192.168.1.9,74.125.68.95,UDP,91,60685  >  443 Len=49,,,,,,,,,,,,,,,,,,,,
128,5.826347,192.168.1.9,74.125.68.95,UDP,91,60685  >  443 Len=49,,,,,,,,,,,,,,,,,,,,
129,5.826495,192.168.1.9,74.125.68.95,UDP,91,60685  >  443 Len=49,,,,,,,,,,,,,,,,,,,,
130,5.82664,192.168.1.9,74.125.68.95,UDP,91,60685  >  443 Len=49,,,,,,,,,,,,,,,,,,,,
131,5.826823,192.168.1.9,74.125.68.95,UDP,91,60685  >  443 Len=49,,,,,,,,,,,,,,,,,,,,
132,5.827198,192.168.1.9,74.125.68.95,UDP,91,60685  >  443 Len=49,,,,,,,,,,,,,,,,,,,,
133,5.834635,74.125.68.95,192.168.1.9,UDP,1392,443  >  60685 Len=1350,,,,,,,,,,,,,,,,,,,,
134,5.834635,74.125.68.95,192.168.1.9,UDP,1392,443  >  60685 Len=1350,,,,,,,,,,,,,,,,,,,,
135,5.835132,192.168.1.9,74.125.68.95,UDP,91,60685  >  443 Len=49,,,,,,,,,,,,,,,,,,,,
136,5.857785,192.168.1.9,74.125.68.95,UDP,81,60685  >  443 Len=39,,,,,,,,,,,,,,,,,,,,
137,5.943467,192.168.1.9,74.125.68.95,UDP,81,60685  >  443 Len=39,,,,,,,,,,,,,,,,,,,,
138,5.993765,74.125.68.95,192.168.1.9,UDP,1392,443  >  60685 Len=1350,,,,,,,,,,,,,,,,,,,,
139,5.993765,74.125.68.95,192.168.1.9,UDP,1392,443  >  60685 Len=1350,,,,,,,,,,,,,,,,,,,,
140,5.993765,74.125.68.95,192.168.1.9,UDP,1392,443  >  60685 Len=1350,,,,,,,,,,,,,,,,,,,,
141,5.993765,74.125.68.95,192.168.1.9,UDP,1392,443  >  60685 Len=1350,,,,,,,,,,,,,,,,,,,,
142,5.993765,74.125.68.95,192.168.1.9,UDP,1392,443  >  60685 Len=1350,,,,,,,,,,,,,,,,,,,,
143,5.993765,74.125.68.95,192.168.1.9,UDP,1392,443  >  60685 Len=1350,,,,,,,,,,,,,,,,,,,,
144,5.993765,74.125.68.95,192.168.1.9,UDP,1392,443  >  60685 Len=1350,,,,,,,,,,,,,,,,,,,,
145,5.993765,74.125.68.95,192.168.1.9,UDP,1392,443  >  60685 Len=1350,,,,,,,,,,,,,,,,,,,,
146,5.993765,74.125.68.95,192.168.1.9,UDP,1392,443  >  60685 Len=1350,,,,,,,,,,,,,,,,,,,,
147,5.993765,74.125.68.95,192.168.1.9,UDP,1392,443  >  60685 Len=1350,,,,,,,,,,,,,,,,,,,,
148,5.993765,74.125.68.95,192.168.1.9,UDP,1392,443  >  60685 Len=1350,,,,,,,,,,,,,,,,,,,,
149,5.993765,74.125.68.95,192.168.1.9,UDP,1392,443  >  60685 Len=1350,,,,,,,,,,,,,,,,,,,,
150,5.993765,74.125.68.95,192.168.1.9,UDP,1439,443  >  60685 Len=1397,,,,,,,,,,,,,,,,,,,,
151,5.993765,74.125.68.95,192.168.1.9,UDP,1392,443  >  60685 Len=1350,,,,,,,,,,,,,,,,,,,,
152,5.993765,74.125.68.95,192.168.1.9,UDP,1392,443  >  60685 Len=1350,,,,,,,,,,,,,,,,,,,,
153,5.993765,74.125.68.95,192.168.1.9,UDP,1392,443  >  60685 Len=1350,,,,,,,,,,,,,,,,,,,,
154,5.99416,74.125.68.95,192.168.1.9,UDP,1392,443  >  60685 Len=1350,,,,,,,,,,,,,,,,,,,,
155,5.99416,74.125.68.95,192.168.1.9,UDP,1392,443  >  60685 Len=1350,,,,,,,,,,,,,,,,,,,,
156,5.99416,74.125.68.95,192.168.1.9,UDP,1392,443  >  60685 Len=1350,,,,,,,,,,,,,,,,,,,,
157,5.99416,74.125.68.95,192.168.1.9,UDP,1392,443  >  60685 Len=1350,,,,,,,,,,,,,,,,,,,,
158,5.99416,74.125.68.95,192.168.1.9,UDP,1392,443  >  60685 Len=1350,,,,,,,,,,,,,,,,,,,,
159,5.99416,74.125.68.95,192.168.1.9,UDP,1392,443  >  60685 Len=1350,,,,,,,,,,,,,,,,,,,,
160,5.994687,192.168.1.9,74.125.68.95,UDP,93,60685  >  443 Len=51,,,,,,,,,,,,,,,,,,,,
161,5.994921,192.168.1.9,74.125.68.95,UDP,93,60685  >  443 Len=51,,,,,,,,,,,,,,,,,,,,
162,5.995104,192.168.1.9,74.125.68.95,UDP,95,60685  >  443 Len=53,,,,,,,,,,,,,,,,,,,,
163,5.995259,192.168.1.9,74.125.68.95,UDP,97,60685  >  443 Len=55,,,,,,,,,,,,,,,,,,,,
164,5.99544,192.168.1.9,74.125.68.95,UDP,97,60685  >  443 Len=55,,,,,,,,,,,,,,,,,,,,
165,5.995622,192.168.1.9,74.125.68.95,UDP,97,60685  >  443 Len=55,,,,,,,,,,,,,,,,,,,,
166,5.995796,192.168.1.9,74.125.68.95,UDP,97,60685  >  443 Len=55,,,,,,,,,,,,,,,,,,,,
167,5.99597,192.168.1.9,74.125.68.95,UDP,97,60685  >  443 Len=55,,,,,,,,,,,,,,,,,,,,
168,5.99615,192.168.1.9,74.125.68.95,UDP,97,60685  >  443 Len=55,,,,,,,,,,,,,,,,,,,,
169,5.996459,192.168.1.9,74.125.68.95,UDP,99,60685  >  443 Len=57,,,,,,,,,,,,,,,,,,,,
170,5.996626,192.168.1.9,74.125.68.95,UDP,99,60685  >  443 Len=57,,,,,,,,,,,,,,,,,,,,
171,5.99678,192.168.1.9,74.125.68.95,UDP,99,60685  >  443 Len=57,,,,,,,,,,,,,,,,,,,,
172,5.996935,74.125.68.95,192.168.1.9,UDP,1392,443  >  60685 Len=1350,,,,,,,,,,,,,,,,,,,,
173,5.996983,192.168.1.9,74.125.68.95,UDP,99,60685  >  443 Len=57,,,,,,,,,,,,,,,,,,,,
174,6.005078,192.168.1.9,74.125.68.95,UDP,99,60685  >  443 Len=57,,,,,,,,,,,,,,,,,,,,
175,6.014235,74.125.68.95,192.168.1.9,UDP,1392,443  >  60685 Len=1350,,,,,,,,,,,,,,,,,,,,
176,6.014235,74.125.68.95,192.168.1.9,UDP,1392,443  >  60685 Len=1350,,,,,,,,,,,,,,,,,,,,
177,6.014235,74.125.68.95,192.168.1.9,UDP,1392,443  >  60685 Len=1350,,,,,,,,,,,,,,,,,,,,
178,6.014431,74.125.68.95,192.168.1.9,UDP,1392,443  >  60685 Len=1350,,,,,,,,,,,,,,,,,,,,
179,6.014431,74.125.68.95,192.168.1.9,UDP,1392,443  >  60685 Len=1350,,,,,,,,,,,,,,,,,,,,
180,6.016933,74.125.68.95,192.168.1.9,UDP,1392,443  >  60685 Len=1350,,,,,,,,,,,,,,,,,,,,
181,6.026096,192.168.1.9,74.125.68.95,UDP,99,60685  >  443 Len=57,,,,,,,,,,,,,,,,,,,,
182,6.028205,74.125.68.95,192.168.1.9,UDP,1392,443  >  60685 Len=1350,,,,,,,,,,,,,,,,,,,,
183,6.028205,74.125.68.95,192.168.1.9,UDP,1392,443  >  60685 Len=1350,,,,,,,,,,,,,,,,,,,,
184,6.028205,74.125.68.95,192.168.1.9,UDP,1392,443  >  60685 Len=1350,,,,,,,,,,,,,,,,,,,,
185,6.047005,192.168.1.9,74.125.68.95,UDP,99,60685  >  443 Len=57,,,,,,,,,,,,,,,,,,,,
186,6.052247,74.125.68.95,192.168.1.9,UDP,1392,443  >  60685 Len=1350,,,,,,,,,,,,,,,,,,,,
187,6.06094,192.168.1.9,74.125.68.95,UDP,99,60685  >  443 Len=57,,,,,,,,,,,,,,,,,,,,
188,6.123756,192.168.1.9,192.168.1.255,NBNS,92,Name query NB WPAD<00>,,,,,,,,,,,,,,,,,,,,
189,6.149867,192.168.1.9,74.125.68.95,UDP,81,60685  >  443 Len=39,,,,,,,,,,,,,,,,,,,,
190,6.160216,74.125.68.95,192.168.1.9,UDP,1392,443  >  60685 Len=1350,,,,,,,,,,,,,,,,,,,,
191,6.160216,74.125.68.95,192.168.1.9,UDP,1392,443  >  60685 Len=1350,,,,,,,,,,,,,,,,,,,,
192,6.160216,74.125.68.95,192.168.1.9,UDP,1392,443  >  60685 Len=1350,,,,,,,,,,,,,,,,,,,,
193,6.160216,74.125.68.95,192.168.1.9,UDP,1392,443  >  60685 Len=1350,,,,,,,,,,,,,,,,,,,,
194,6.160216,74.125.68.95,192.168.1.9,UDP,1392,443  >  60685 Len=1350,,,,,,,,,,,,,,,,,,,,
195,6.160216,74.125.68.95,192.168.1.9,UDP,1392,443  >  60685 Len=1350,,,,,,,,,,,,,,,,,,,,
196,6.160216,74.125.68.95,192.168.1.9,UDP,1392,443  >  60685 Len=1350,,,,,,,,,,,,,,,,,,,,
197,6.160216,74.125.68.95,192.168.1.9,UDP,1392,443  >  60685 Len=1350,,,,,,,,,,,,,,,,,,,,
198,6.160216,74.125.68.95,192.168.1.9,UDP,1392,443  >  60685 Len=1350,,,,,,,,,,,,,,,,,,,,
199,6.160833,192.168.1.9,74.125.68.95,UDP,101,60685  >  443 Len=59,,,,,,,,,,,,,,,,,,,,
200,6.16103,192.168.1.9,74.125.68.95,UDP,101,60685  >  443 Len=59,,,,,,,,,,,,,,,,,,,,
201,6.161192,192.168.1.9,74.125.68.95,UDP,101,60685  >  443 Len=59,,,,,,,,,,,,,,,,,,,,
202,6.161339,192.168.1.9,74.125.68.95,UDP,101,60685  >  443 Len=59,,,,,,,,,,,,,,,,,,,,
203,6.161579,192.168.1.9,74.125.68.95,UDP,103,60685  >  443 Len=61,,,,,,,,,,,,,,,,,,,,
204,6.161736,192.168.1.9,74.125.68.95,UDP,103,60685  >  443 Len=61,,,,,,,,,,,,,,,,,,,,
205,6.16195,192.168.1.9,74.125.68.95,UDP,103,60685  >  443 Len=61,,,,,,,,,,,,,,,,,,,,
206,6.285453,74.125.68.95,192.168.1.9,UDP,1392,443  >  60685 Len=1350,,,,,,,,,,,,,,,,,,,,
207,6.285453,74.125.68.95,192.168.1.9,UDP,1392,443  >  60685 Len=1350,,,,,,,,,,,,,,,,,,,,
208,6.285453,74.125.68.95,192.168.1.9,UDP,1392,443  >  60685 Len=1350,,,,,,,,,,,,,,,,,,,,
209,6.285453,74.125.68.95,192.168.1.9,UDP,1392,443  >  60685 Len=1350,,,,,,,,,,,,,,,,,,,,
210,6.285453,74.125.68.95,192.168.1.9,UDP,1392,443  >  60685 Len=1350,,,,,,,,,,,,,,,,,,,,
211,6.285453,74.125.68.95,192.168.1.9,UDP,1392,443  >  60685 Len=1350,,,,,,,,,,,,,,,,,,,,
212,6.285759,74.125.68.95,192.168.1.9,UDP,1392,443  >  60685 Len=1350,,,,,,,,,,,,,,,,,,,,
213,6.286151,192.168.1.9,74.125.68.95,UDP,105,60685  >  443 Len=63,,,,,,,,,,,,,,,,,,,,
214,6.286392,192.168.1.9,74.125.68.95,UDP,106,60685  >  443 Len=64,,,,,,,,,,,,,,,,,,,,
215,6.286606,192.168.1.9,74.125.68.95,UDP,106,60685  >  443 Len=64,,,,,,,,,,,,,,,,,,,,
216,6.286805,192.168.1.9,74.125.68.95,UDP,106,60685  >  443 Len=64,,,,,,,,,,,,,,,,,,,,
217,6.287019,192.168.1.9,74.125.68.95,UDP,108,60685  >  443 Len=66,,,,,,,,,,,,,,,,,,,,
218,6.287201,192.168.1.9,74.125.68.95,UDP,108,60685  >  443 Len=66,,,,,,,,,,,,,,,,,,,,
219,6.303491,74.125.68.95,192.168.1.9,UDP,1392,443  >  60685 Len=1350,,,,,,,,,,,,,,,,,,,,
220,6.304076,192.168.1.9,74.125.68.95,UDP,108,60685  >  443 Len=66,,,,,,,,,,,,,,,,,,,,
221,6.307481,74.125.68.95,192.168.1.9,UDP,1392,443  >  60685 Len=1350,,,,,,,,,,,,,,,,,,,,
222,6.308065,192.168.1.9,74.125.68.95,UDP,108,60685  >  443 Len=66,,,,,,,,,,,,,,,,,,,,
223,6.318298,74.125.68.95,192.168.1.9,UDP,1392,443  >  60685 Len=1350,,,,,,,,,,,,,,,,,,,,
224,6.332532,74.125.68.95,192.168.1.9,UDP,1392,443  >  60685 Len=1350,,,,,,,,,,,,,,,,,,,,
225,6.333188,192.168.1.9,74.125.68.95,UDP,108,60685  >  443 Len=66,,,,,,,,,,,,,,,,,,,,
226,6.472392,74.125.68.95,192.168.1.9,UDP,72,443  >  60685 Len=30,,,,,,,,,,,,,,,,,,,,
227,6.472392,74.125.68.95,192.168.1.9,UDP,72,443  >  60685 Len=30,,,,,,,,,,,,,,,,,,,,
228,6.472392,74.125.68.95,192.168.1.9,UDP,1392,443  >  60685 Len=1350,,,,,,,,,,,,,,,,,,,,
229,6.472392,74.125.68.95,192.168.1.9,UDP,1392,443  >  60685 Len=1350,,,,,,,,,,,,,,,,,,,,
230,6.472392,74.125.68.95,192.168.1.9,UDP,1392,443  >  60685 Len=1350,,,,,,,,,,,,,,,,,,,,
231,6.472392,74.125.68.95,192.168.1.9,UDP,1392,443  >  60685 Len=1350,,,,,,,,,,,,,,,,,,,,
232,6.472392,74.125.68.95,192.168.1.9,UDP,1392,443  >  60685 Len=1350,,,,,,,,,,,,,,,,,,,,
233,6.472392,74.125.68.95,192.168.1.9,UDP,1392,443  >  60685 Len=1350,,,,,,,,,,,,,,,,,,,,
234,6.472392,74.125.68.95,192.168.1.9,UDP,1392,443  >  60685 Len=1350,,,,,,,,,,,,,,,,,,,,
235,6.472392,74.125.68.95,192.168.1.9,UDP,1386,443  >  60685 Len=1344,,,,,,,,,,,,,,,,,,,,
236,6.472392,74.125.68.95,192.168.1.9,UDP,1439,443  >  60685 Len=1397,,,,,,,,,,,,,,,,,,,,
237,6.47331,192.168.1.9,74.125.68.95,UDP,94,60685  >  443 Len=52,,,,,,,,,,,,,,,,,,,,
238,6.473551,192.168.1.9,74.125.68.95,UDP,93,60685  >  443 Len=51,,,,,,,,,,,,,,,,,,,,
239,6.483536,192.168.1.9,74.125.68.95,UDP,93,60685  >  443 Len=51,,,,,,,,,,,,,,,,,,,,
240,6.499106,74.125.68.95,192.168.1.9,UDP,1345,443  >  60685 Len=1303,,,,,,,,,,,,,,,,,,,,
241,6.506548,74.125.68.95,192.168.1.9,UDP,1439,443  >  60685 Len=1397,,,,,,,,,,,,,,,,,,,,
242,6.507175,192.168.1.9,74.125.68.95,UDP,106,60685  >  443 Len=64,,,,,,,,,,,,,,,,,,,,
243,6.539471,74.125.68.95,192.168.1.9,UDP,1439,443  >  60685 Len=1397,,,,,,,,,,,,,,,,,,,,
244,6.545536,74.125.68.95,192.168.1.9,UDP,1439,443  >  60685 Len=1397,,,,,,,,,,,,,,,,,,,,
245,6.548501,192.168.1.9,74.125.68.95,UDP,93,60685  >  443 Len=51,,,,,,,,,,,,,,,,,,,,
246,6.552506,74.125.68.95,192.168.1.9,UDP,1439,443  >  60685 Len=1397,,,,,,,,,,,,,,,,,,,,
247,6.562476,192.168.1.9,74.125.68.95,UDP,93,60685  >  443 Len=51,,,,,,,,,,,,,,,,,,,,
248,6.607795,74.125.68.95,192.168.1.9,UDP,1439,443  >  60685 Len=1397,,,,,,,,,,,,,,,,,,,,
249,6.614313,74.125.68.95,192.168.1.9,UDP,1439,443  >  60685 Len=1397,,,,,,,,,,,,,,,,,,,,
250,6.619071,192.168.1.9,74.125.68.95,UDP,93,60685  >  443 Len=51,,,,,,,,,,,,,,,,,,,,
251,6.66942,74.125.68.95,192.168.1.9,UDP,1439,443  >  60685 Len=1397,,,,,,,,,,,,,,,,,,,,
252,6.678398,74.125.68.95,192.168.1.9,UDP,1439,443  >  60685 Len=1397,,,,,,,,,,,,,,,,,,,,
253,6.678921,192.168.1.9,74.125.68.95,UDP,93,60685  >  443 Len=51,,,,,,,,,,,,,,,,,,,,
254,6.725058,74.125.68.95,192.168.1.9,UDP,1439,443  >  60685 Len=1397,,,,,,,,,,,,,,,,,,,,
255,6.731644,74.125.68.95,192.168.1.9,UDP,1439,443  >  60685 Len=1397,,,,,,,,,,,,,,,,,,,,
256,6.73216,192.168.1.9,74.125.68.95,UDP,93,60685  >  443 Len=51,,,,,,,,,,,,,,,,,,,,
257,6.747422,74.125.68.95,192.168.1.9,UDP,1439,443  >  60685 Len=1397,,,,,,,,,,,,,,,,,,,,
258,6.754046,74.125.68.95,192.168.1.9,UDP,1439,443  >  60685 Len=1397,,,,,,,,,,,,,,,,,,,,
259,6.75457,192.168.1.9,74.125.68.95,UDP,93,60685  >  443 Len=51,,,,,,,,,,,,,,,,,,,,
260,6.809804,74.125.68.95,192.168.1.9,UDP,1439,443  >  60685 Len=1397,,,,,,,,,,,,,,,,,,,,
261,6.816311,74.125.68.95,192.168.1.9,UDP,1439,443  >  60685 Len=1397,,,,,,,,,,,,,,,,,,,,
262,6.816885,192.168.1.9,74.125.68.95,UDP,93,60685  >  443 Len=51,,,,,,,,,,,,,,,,,,,,
263,6.838443,74.125.68.95,192.168.1.9,UDP,1439,443  >  60685 Len=1397,,,,,,,,,,,,,,,,,,,,
264,6.844977,74.125.68.95,192.168.1.9,UDP,1439,443  >  60685 Len=1397,,,,,,,,,,,,,,,,,,,,
265,6.845489,192.168.1.9,74.125.68.95,UDP,93,60685  >  443 Len=51,,,,,,,,,,,,,,,,,,,,
266,6.90507,74.125.68.95,192.168.1.9,UDP,1439,443  >  60685 Len=1397,,,,,,,,,,,,,,,,,,,,
267,6.914394,192.168.1.9,74.125.68.95,UDP,93,60685  >  443 Len=51,,,,,,,,,,,,,,,,,,,,
268,7.058877,74.125.68.95,192.168.1.9,UDP,1439,443  >  60685 Len=1397,,,,,,,,,,,,,,,,,,,,
269,7.058877,74.125.68.95,192.168.1.9,UDP,1439,443  >  60685 Len=1397,,,,,,,,,,,,,,,,,,,,
270,7.058877,74.125.68.95,192.168.1.9,UDP,1439,443  >  60685 Len=1397,,,,,,,,,,,,,,,,,,,,
271,7.058877,74.125.68.95,192.168.1.9,UDP,1439,443  >  60685 Len=1397,,,,,,,,,,,,,,,,,,,,
272,7.058877,74.125.68.95,192.168.1.9,UDP,1439,443  >  60685 Len=1397,,,,,,,,,,,,,,,,,,,,
273,7.058877,74.125.68.95,192.168.1.9,UDP,1439,443  >  60685 Len=1397,,,,,,,,,,,,,,,,,,,,
274,7.059477,192.168.1.9,74.125.68.95,UDP,95,60685  >  443 Len=53,,,,,,,,,,,,,,,,,,,,
275,7.059709,192.168.1.9,74.125.68.95,UDP,95,60685  >  443 Len=53,,,,,,,,,,,,,,,,,,,,
276,7.059892,192.168.1.9,74.125.68.95,UDP,95,60685  >  443 Len=53,,,,,,,,,,,,,,,,,,,,
277,7.060037,192.168.1.9,74.125.68.95,UDP,95,60685  >  443 Len=53,,,,,,,,,,,,,,,,,,,,
278,7.06904,192.168.1.9,74.125.68.95,UDP,95,60685  >  443 Len=53,,,,,,,,,,,,,,,,,,,,
279,7.091973,74.125.68.95,192.168.1.9,UDP,1439,443  >  60685 Len=1397,,,,,,,,,,,,,,,,,,,,
280,7.101107,192.168.1.9,74.125.68.95,UDP,95,60685  >  443 Len=53,,,,,,,,,,,,,,,,,,,,
281,7.41449,74.125.68.95,192.168.1.9,UDP,1439,443  >  60685 Len=1397,,,,,,,,,,,,,,,,,,,,
